2001:67c:208c::/48,NL,NL-NH,Amsterdam,
# RPKI Signature: 2001:67c:208c::/48
# MIIGBQYJKoZIhvcNAQcCoIIF9jCCBfICAQMxDTALBglghkgBZQMEAgEwDQYLKoZIhvcNAQkQ
# AS+gggQfMIIEGzCCAwOgAwIBAgIBBTANBgkqhkiG9w0BAQsFADAzMTEwLwYDVQQDEyhjYWE4
# MDVkYmFjMzY0NzQ5YjliMTE1NTkwYWI2ZWYwZjk3MGNkYmQ4MB4XDTI1MTExNzEzMDEzNloX
# DTI2MTExNzEzMDEzNlowDTELMAkGA1UEAxMCRUUwggEiMA0GCSqGSIb3DQEBAQUAA4IBDwAw
# ggEKAoIBAQDOm7fb1HhRuHKqNuELcv2PzqM4a7i9mTTOFZrSVHhWrF4S/5yYuv2cQsJ6ZP4L
# VhsF6jMAQjZOTpmmnHdmD9N3qHseAKALbpyVmenldsq01S9PtFlFV9wxELo+KO9JJCNhpu5O
# PaadEn1TWPBME4Lu/7nGYEzxJ5yCPqReyyflBEyAhgG/XLQSfX0WarTbl6FcW+3PyCpvSadj
# Kz8F3BC1xuCk4lcn9XbWn64Yrukx73JVVGyoS+pdbRMYCWztW7d9ulkgK9M3l0mGV3wdKjHJ
# 4uVBp62CyY0MsVvX2R0+q5h+4sbNw1pmbP+AtKfm4DbLwB4aVTaRzF69sYn/ClvVAgMBAAGj
# ggFeMIIBWjAOBgNVHQ8BAf8EBAMCB4AwHQYDVR0OBBYEFA0Z3l9RwsjhnY+wA0Rng1g8noVi
# MB8GA1UdIwQYMBaAFMqoBdusNkdJubEVWQq27w+XDNvYMBgGA1UdIAEB/wQOMAwwCgYIKwYB
# BQUHDgIwIgYIKwYBBQUHAQcBAf8EEzARMA8EAgACMAkDBwAgAQZ8IIwwZAYIKwYBBQUHAQEE
# WDBWMFQGCCsGAQUFBzAChkhyc3luYzovL3Jwa2kucmlwZS5uZXQvcmVwb3NpdG9yeS9ERUZB
# VUxUL3lxZ0YyNncyUjBtNXNSVlpDcmJ2RDVjTTI5Zy5jZXIwZAYDVR0fBF0wWzBZoFegVYZT
# cnN5bmM6Ly9jaGxvZS5zb2Jvcm5vc3QubmV0L3Jwa2kvUklQRS1ubGpvYnNuaWpkZXJzL3lx
# Z0YyNncyUjBtNXNSVlpDcmJ2RDVjTTI5Zy5jcmwwDQYJKoZIhvcNAQELBQADggEBAFUMmbtH
# QGJI1+pv9Uc65VwkTrt8wcOhFYAa3rB7dRn47kr16DrrfO13cI5HHb89LR1NZwTeJNAnMq1s
# hCq8lHo7io1Zz/8Fpw02zgxtmsRhp5xCai5mE+OiwNCG1XEhLNQIv8GU+BKY9yg2mH2BbgnZ
# cXjT+WatvwmXLCxc+SUvwJAaaB+Dxp8UxYAO5iAKyNAGSQXPr6hEN+G3boXVguFLknEjQaxm
# NtqxgDMXwz643CcsaSF2M1yjxDgG6Fcm0z3dUAkLUTY8RRKHUjl2lgw/r9D7ODEPY5V8sPVZ
# L9KHGG1a+Neu5Nmyl0nXqTaLA3Xpgo6J/jI5A76pCICTTlAxggGqMIIBpgIBA4AUDRneX1HC
# yOGdj7ADRGeDWDyehWIwCwYJYIZIAWUDBAIBoGswGgYJKoZIhvcNAQkDMQ0GCyqGSIb3DQEJ
# EAEvMBwGCSqGSIb3DQEJBTEPFw0yNTExMTcxMzAxMzZaMC8GCSqGSIb3DQEJBDEiBCCY9XhR
# Yzvj+pM/b0lZoc+ZapOfmX5IuOFoPcym0ogh6DANBgkqhkiG9w0BAQEFAASCAQAEFmRnDi5e
# A4R+rlc3VRSxEMffRhsrDGxvnTjea0uHvf8172ScwV+TK7M31KNBrAaiyiB5jA+scgO/schf
# +8I2ABWBpmWPmGLxiVQNZpEuYrapvzYrLFNCoZ1ewX0xQSWajln02meR6b13iBMVnZubiBTc
# RmVOXigAdFk3v+ed3KvSmwRoh/GCsQkhCfOTS6RCbRWj0zCZTh8fsTWa/9zcpE8YCY6j++gc
# t2e6uFR9kBJknXiMoG1lC4B7y1e/JD5U0wShWNNW9/ZedBnUjYtm3GDHH9ga/gNW5BX3MgZk
# amcY6E189ShNevRmHQFfsJLB7B1cAjH6ZF7XNhCo0Xos
# End Signature: 2001:67c:208c::/48
